Date,Time,Event Description,INC Number,Impact Assessment,Action Taken,Outcome,Further Actions
2024-04-26,08:25 AM,Settlement errors due to system outage,INC2856000,Low,Corrected processing errors in transaction system,"Temporary workaround applied, permanent fix scheduled",Scheduled system upgrades to prevent future issues
2024-05-02,08:03 AM,Delay in SWIFT message transmission,INC2856001,High,Resolved concurrency issues in backend systems,"Corrected data, verified with stakeholders",Scheduled system upgrades to prevent future issues
2024-05-09,09:28 AM,Backlog in message queue affecting operations,INC2856002,Low,Adjusted cash figures and confirmed accuracy,"Corrected data, verified with stakeholders",Implementation of a new real-time alert system
2024-04-16,09:55 AM,Inaccurate cash figures reported,INC2856003,Medium,Corrected processing errors in transaction system,"Manual intervention required, followed by system patch",Review and redesign of affected processes
2024-05-13,09:54 AM,Incorrect share count due to processing error,INC2856004,High,Reconciled share counts and updated records,"System restored, ongoing monitoring implemented",Training session for operations team on new protocols
2024-05-07,09:44 AM,Error in transaction status updates,INC2856005,Medium,Cleared backlog and restored normal operation,"System restored, ongoing monitoring implemented",Review and redesign of affected processes
2024-05-07,07:09 AM,Incorrect share count due to processing error,INC2856006,Low,Cleared backlog and restored normal operation,"Resolved with system update, no recurrence expected",Enhanced automated checks and balances
2024-04-21,09:07 AM,Mismatch in loan/return records,INC2856007,Low,Fixed data synchronization problems,Issue resolved with minimal impact,Scheduled system upgrades to prevent future issues
2024-05-14,06:33 AM,Inaccurate cash figures reported,INC2856008,High,Updated transaction statuses manually and systemically,"Corrected data, verified with stakeholders",Training session for operations team on new protocols
2024-04-18,08:28 AM,Settlement errors due to system outage,INC2856009,Medium,Fixed data synchronization problems,"System restored, ongoing monitoring implemented",Review and redesign of affected processes
2024-04-23,07:42 AM,Mismatch in loan/return records,INC2856010,Medium,Investigated and resolved message queue issues,"Resolved with system update, no recurrence expected",Scheduled system upgrades to prevent future issues
2024-04-26,08:12 AM,Concurrency defect in transaction processing,INC2856011,High,Reconciled share counts and updated records,"System restored, ongoing monitoring implemented",Review and redesign of affected processes
2024-04-23,07:43 AM,Incorrect share count due to processing error,INC2856012,Medium,Reconciled share counts and updated records,"Temporary workaround applied, permanent fix scheduled",Review and redesign of affected processes
2024-05-05,06:59 AM,Settlement errors due to system outage,INC2856013,High,Rectified settlement processes and verified outcomes,"Temporary workaround applied, permanent fix scheduled",Training session for operations team on new protocols
2024-05-14,09:19 AM,Incorrect share count due to processing error,INC2856014,Low,Rectified settlement processes and verified outcomes,"Corrected data, verified with stakeholders",Training session for operations team on new protocols
2024-05-15,06:06 AM,Data sync issue between platforms,INC2856015,High,Updated transaction statuses manually and systemically,"Resolved with system update, no recurrence expected",Training session for operations team on new protocols
2024-05-10,06:06 AM,Incorrect share count due to processing error,INC2856016,High,Corrected processing errors in transaction system,"Temporary workaround applied, permanent fix scheduled",Enhanced automated checks and balances
2024-04-19,08:30 AM,Error in transaction status updates,INC2856017,Medium,Cleared backlog and restored normal operation,"Resolved with system update, no recurrence expected",Review and redesign of affected processes
2024-05-12,08:27 AM,Failure in updating settlement statuses,INC2856018,Medium,Cleared backlog and restored normal operation,"System restored, ongoing monitoring implemented",Scheduled system upgrades to prevent future issues
2024-05-12,09:34 AM,Incorrect share count due to processing error,INC2856019,Low,Reconciled share counts and updated records,Issue resolved with minimal impact,Enhanced automated checks and balances
2024-04-20,07:21 AM,Backlog in message queue affecting operations,INC2856020,Medium,Rectified settlement processes and verified outcomes,"Corrected data, verified with stakeholders",Enhanced automated checks and balances
2024-04-15,06:57 AM,Error in transaction status updates,INC2856021,Low,Resolved concurrency issues in backend systems,"Manual intervention required, followed by system patch",Additional monitoring tools deployed
2024-05-03,09:30 AM,Failure in updating settlement statuses,INC2856022,Low,Fixed data synchronization problems,"System restored, ongoing monitoring implemented",Training session for operations team on new protocols
2024-05-03,08:25 AM,Error in transaction status updates,INC2856023,High,Resolved concurrency issues in backend systems,"Manual intervention required, followed by system patch",Additional monitoring tools deployed
2024-04-19,08:27 AM,Error in transaction status updates,INC2856024,Low,Investigated and resolved message queue issues,"Temporary workaround applied, permanent fix scheduled",Review and redesign of affected processes
2024-04-28,07:14 AM,Error in transaction status updates,INC2856025,High,Cleared backlog and restored normal operation,"Corrected data, verified with stakeholders",Training session for operations team on new protocols
2024-05-06,08:31 AM,Error in transaction status updates,INC2856026,High,Resolved concurrency issues in backend systems,"Resolved with system update, no recurrence expected",Scheduled system upgrades to prevent future issues
2024-05-12,07:43 AM,Mismatch in loan/return records,INC2856027,Medium,Fixed data synchronization problems,"Manual intervention required, followed by system patch",Enhanced automated checks and balances
2024-05-04,08:11 AM,Data sync issue between platforms,INC2856028,High,Updated transaction statuses manually and systemically,"Manual intervention required, followed by system patch",Review and redesign of affected processes
2024-05-08,09:07 AM,Incorrect share count due to processing error,INC2856029,High,Resolved concurrency issues in backend systems,Issue resolved with minimal impact,Implementation of a new real-time alert system
2024-04-23,07:14 AM,Inaccurate cash figures reported,INC2856030,Medium,Investigated and resolved message queue issues,"Corrected data, verified with stakeholders",Enhanced automated checks and balances
2024-05-12,06:21 AM,Delay in SWIFT message transmission,INC2856031,Medium,Adjusted cash figures and confirmed accuracy,"Manual intervention required, followed by system patch",Additional monitoring tools deployed
2024-05-06,06:15 AM,Inaccurate cash figures reported,INC2856032,High,Corrected processing errors in transaction system,"System restored, ongoing monitoring implemented",Training session for operations team on new protocols
2024-05-03,08:07 AM,Error in transaction status updates,INC2856033,High,Corrected processing errors in transaction system,Issue resolved with minimal impact,Training session for operations team on new protocols
2024-04-21,07:53 AM,Backlog in message queue affecting operations,INC2856034,High,Updated transaction statuses manually and systemically,"Corrected data, verified with stakeholders",Implementation of a new real-time alert system
2024-05-05,08:05 AM,Incorrect share count due to processing error,INC2856035,Medium,Fixed data synchronization problems,"Manual intervention required, followed by system patch",Review and redesign of affected processes
2024-04-25,07:56 AM,Error in transaction status updates,INC2856036,Low,Resolved concurrency issues in backend systems,"Corrected data, verified with stakeholders",Scheduled system upgrades to prevent future issues
2024-04-28,07:04 AM,Mismatch in loan/return records,INC2856037,High,Reconciled share counts and updated records,Issue resolved with minimal impact,Review and redesign of affected processes
2024-04-15,06:38 AM,Mismatch in loan/return records,INC2856038,Medium,Investigated and resolved message queue issues,"Resolved with system update, no recurrence expected",Enhanced automated checks and balances
2024-04-16,09:36 AM,Error in transaction status updates,INC2856039,Medium,Fixed data synchronization problems,Issue resolved with minimal impact,Training session for operations team on new protocols
2024-05-08,06:47 AM,Backlog in message queue affecting operations,INC2856040,High,Adjusted cash figures and confirmed accuracy,"Temporary workaround applied, permanent fix scheduled",Scheduled system upgrades to prevent future issues
2024-04-23,09:41 AM,Incorrect share count due to processing error,INC2856041,High,Investigated and resolved message queue issues,Issue resolved with minimal impact,Scheduled system upgrades to prevent future issues
2024-05-03,09:57 AM,Backlog in message queue affecting operations,INC2856042,High,Updated transaction statuses manually and systemically,"Temporary workaround applied, permanent fix scheduled",Enhanced automated checks and balances
2024-04-26,07:17 AM,Inaccurate cash figures reported,INC2856043,Low,Cleared backlog and restored normal operation,"Corrected data, verified with stakeholders",Additional monitoring tools deployed
2024-05-08,06:50 AM,Concurrency defect in transaction processing,INC2856044,Low,Resolved concurrency issues in backend systems,"Temporary workaround applied, permanent fix scheduled",Training session for operations team on new protocols
2024-04-15,06:23 AM,Incorrect share count due to processing error,INC2856045,Low,Investigated and resolved message queue issues,"Resolved with system update, no recurrence expected",Training session for operations team on new protocols
2024-04-23,08:36 AM,Error in transaction status updates,INC2856046,Low,Cleared backlog and restored normal operation,"Manual intervention required, followed by system patch",Additional monitoring tools deployed
2024-04-22,06:28 AM,Incorrect share count due to processing error,INC2856047,High,Rectified settlement processes and verified outcomes,"Manual intervention required, followed by system patch",Implementation of a new real-time alert system
2024-05-09,08:58 AM,Error in transaction status updates,INC2856048,Medium,Investigated and resolved message queue issues,"Corrected data, verified with stakeholders",Enhanced automated checks and balances
2024-04-20,09:05 AM,Mismatch in loan/return records,INC2856049,Medium,Corrected processing errors in transaction system,"System restored, ongoing monitoring implemented",Additional monitoring tools deployed
2024-04-29,06:11 AM,Delay in SWIFT message transmission,INC2856050,Low,Reconciled share counts and updated records,"Temporary workaround applied, permanent fix scheduled",Scheduled system upgrades to prevent future issues
2024-05-04,06:15 AM,Incorrect share count due to processing error,INC2856051,Medium,Fixed data synchronization problems,"Manual intervention required, followed by system patch",Review and redesign of affected processes
2024-04-26,06:55 AM,Inaccurate cash figures reported,INC2856052,Low,Cleared backlog and restored normal operation,"System restored, ongoing monitoring implemented",Training session for operations team on new protocols
2024-04-30,09:10 AM,Concurrency defect in transaction processing,INC2856053,Low,Fixed data synchronization problems,"Resolved with system update, no recurrence expected",Implementation of a new real-time alert system
2024-05-06,07:31 AM,Error in transaction status updates,INC2856054,Low,Reconciled share counts and updated records,"Temporary workaround applied, permanent fix scheduled",Additional monitoring tools deployed
2024-04-15,08:04 AM,Incorrect share count due to processing error,INC2856055,High,Reconciled share counts and updated records,"Resolved with system update, no recurrence expected",Enhanced automated checks and balances
2024-05-11,09:16 AM,Mismatch in loan/return records,INC2856056,Medium,Cleared backlog and restored normal operation,"System restored, ongoing monitoring implemented",Implementation of a new real-time alert system
2024-05-12,06:30 AM,Delay in SWIFT message transmission,INC2856057,Low,Fixed data synchronization problems,"Manual intervention required, followed by system patch",Additional monitoring tools deployed
2024-04-25,07:03 AM,Mismatch in loan/return records,INC2856058,High,Fixed data synchronization problems,"Temporary workaround applied, permanent fix scheduled",Review and redesign of affected processes
2024-04-21,06:34 AM,Incorrect share count due to processing error,INC2856059,High,Fixed data synchronization problems,Issue resolved with minimal impact,Implementation of a new real-time alert system
2024-04-19,10:00 AM,Incorrect share count due to processing error,INC2856060,Medium,Corrected processing errors in transaction system,"Corrected data, verified with stakeholders",Implementation of a new real-time alert system
2024-05-15,08:32 AM,Settlement errors due to system outage,INC2856061,Medium,Reconciled share counts and updated records,"Temporary workaround applied, permanent fix scheduled",Implementation of a new real-time alert system
2024-05-08,07:59 AM,Error in transaction status updates,INC2856062,Medium,Rectified settlement processes and verified outcomes,"Temporary workaround applied, permanent fix scheduled",Enhanced automated checks and balances
2024-04-25,08:19 AM,Failure in updating settlement statuses,INC2856063,Medium,Fixed data synchronization problems,"Temporary workaround applied, permanent fix scheduled",Scheduled system upgrades to prevent future issues
2024-04-15,06:24 AM,Delay in SWIFT message transmission,INC2856064,Medium,Updated transaction statuses manually and systemically,"System restored, ongoing monitoring implemented",Additional monitoring tools deployed
2024-04-23,07:00 AM,Failure in updating settlement statuses,INC2856065,Medium,Rectified settlement processes and verified outcomes,"Temporary workaround applied, permanent fix scheduled",Review and redesign of affected processes
2024-05-08,08:42 AM,Settlement errors due to system outage,INC2856066,Low,Updated transaction statuses manually and systemically,Issue resolved with minimal impact,Enhanced automated checks and balances
2024-05-07,08:35 AM,Settlement errors due to system outage,INC2856067,Medium,Adjusted cash figures and confirmed accuracy,"System restored, ongoing monitoring implemented",Implementation of a new real-time alert system
2024-05-14,06:36 AM,Error in transaction status updates,INC2856068,High,Corrected processing errors in transaction system,"Resolved with system update, no recurrence expected",Implementation of a new real-time alert system
2024-05-07,06:36 AM,Backlog in message queue affecting operations,INC2856069,High,Investigated and resolved message queue issues,"Resolved with system update, no recurrence expected",Enhanced automated checks and balances
2024-05-02,08:10 AM,Mismatch in loan/return records,INC2856070,High,Fixed data synchronization problems,"Manual intervention required, followed by system patch",Enhanced automated checks and balances
2024-04-21,09:34 AM,Failure in updating settlement statuses,INC2856071,Medium,Adjusted cash figures and confirmed accuracy,"Resolved with system update, no recurrence expected",Additional monitoring tools deployed
2024-04-22,07:27 AM,Backlog in message queue affecting operations,INC2856072,Medium,Investigated and resolved message queue issues,"Resolved with system update, no recurrence expected",Enhanced automated checks and balances
2024-05-10,06:04 AM,Data sync issue between platforms,INC2856073,Medium,Fixed data synchronization problems,Issue resolved with minimal impact,Training session for operations team on new protocols
2024-04-27,06:51 AM,Error in transaction status updates,INC2856074,High,Updated transaction statuses manually and systemically,"Temporary workaround applied, permanent fix scheduled",Scheduled system upgrades to prevent future issues
2024-05-07,08:53 AM,Incorrect share count due to processing error,INC2856075,High,Corrected processing errors in transaction system,"Resolved with system update, no recurrence expected",Review and redesign of affected processes
2024-04-21,09:34 AM,Backlog in message queue affecting operations,INC2856076,Medium,Adjusted cash figures and confirmed accuracy,"Resolved with system update, no recurrence expected",Scheduled system upgrades to prevent future issues
2024-05-05,07:08 AM,Incorrect share count due to processing error,INC2856077,Low,Corrected processing errors in transaction system,"System restored, ongoing monitoring implemented",Scheduled system upgrades to prevent future issues
2024-05-08,06:29 AM,Failure in updating settlement statuses,INC2856078,Low,Investigated and resolved message queue issues,"System restored, ongoing monitoring implemented",Additional monitoring tools deployed
2024-05-07,06:43 AM,Delay in SWIFT message transmission,INC2856079,Medium,Adjusted cash figures and confirmed accuracy,"Temporary workaround applied, permanent fix scheduled",Enhanced automated checks and balances
2024-05-15,06:53 AM,Mismatch in loan/return records,INC2856080,Medium,Investigated and resolved message queue issues,"Corrected data, verified with stakeholders",Enhanced automated checks and balances
2024-04-23,09:21 AM,Incorrect share count due to processing error,INC2856081,High,Rectified settlement processes and verified outcomes,"Corrected data, verified with stakeholders",Additional monitoring tools deployed
2024-04-15,09:50 AM,Delay in SWIFT message transmission,INC2856082,Low,Corrected processing errors in transaction system,"System restored, ongoing monitoring implemented",Review and redesign of affected processes
2024-04-18,07:11 AM,Settlement errors due to system outage,INC2856083,High,Rectified settlement processes and verified outcomes,"Temporary workaround applied, permanent fix scheduled",Enhanced automated checks and balances
2024-05-15,07:14 AM,Error in transaction status updates,INC2856084,Low,Cleared backlog and restored normal operation,"Resolved with system update, no recurrence expected",Additional monitoring tools deployed
2024-04-17,06:43 AM,Inaccurate cash figures reported,INC2856085,Low,Fixed data synchronization problems,"Manual intervention required, followed by system patch",Training session for operations team on new protocols
2024-05-01,07:02 AM,Error in transaction status updates,INC2856086,Medium,Investigated and resolved message queue issues,Issue resolved with minimal impact,Training session for operations team on new protocols
2024-04-21,07:38 AM,Data sync issue between platforms,INC2856087,Medium,Rectified settlement processes and verified outcomes,"Corrected data, verified with stakeholders",Implementation of a new real-time alert system
2024-04-20,07:23 AM,Error in transaction status updates,INC2856088,Low,Corrected processing errors in transaction system,"System restored, ongoing monitoring implemented",Additional monitoring tools deployed
2024-04-29,06:49 AM,Mismatch in loan/return records,INC2856089,Low,Rectified settlement processes and verified outcomes,"Temporary workaround applied, permanent fix scheduled",Additional monitoring tools deployed
2024-04-16,06:58 AM,Error in transaction status updates,INC2856090,High,Rectified settlement processes and verified outcomes,Issue resolved with minimal impact,Enhanced automated checks and balances
2024-04-27,09:29 AM,Settlement errors due to system outage,INC2856091,Low,Adjusted cash figures and confirmed accuracy,"Manual intervention required, followed by system patch",Training session for operations team on new protocols
2024-05-01,09:14 AM,Mismatch in loan/return records,INC2856092,Medium,Corrected processing errors in transaction system,"Manual intervention required, followed by system patch",Training session for operations team on new protocols
2024-04-29,07:34 AM,Inaccurate cash figures reported,INC2856093,High,Cleared backlog and restored normal operation,"Manual intervention required, followed by system patch",Additional monitoring tools deployed
2024-04-22,08:28 AM,Backlog in message queue affecting operations,INC2856094,Low,Investigated and resolved message queue issues,"Manual intervention required, followed by system patch",Additional monitoring tools deployed
2024-05-15,06:20 AM,Settlement errors due to system outage,INC2856095,High,Resolved concurrency issues in backend systems,Issue resolved with minimal impact,Scheduled system upgrades to prevent future issues
2024-05-12,09:37 AM,Error in transaction status updates,INC2856096,Low,Rectified settlement processes and verified outcomes,"Manual intervention required, followed by system patch",Training session for operations team on new protocols
2024-04-16,06:28 AM,Backlog in message queue affecting operations,INC2856097,Medium,Updated transaction statuses manually and systemically,"Manual intervention required, followed by system patch",Scheduled system upgrades to prevent future issues
2024-04-21,07:36 AM,Settlement errors due to system outage,INC2856098,Low,Cleared backlog and restored normal operation,"System restored, ongoing monitoring implemented",Training session for operations team on new protocols
2024-05-09,09:34 AM,Data sync issue between platforms,INC2856099,Medium,Fixed data synchronization problems,"Corrected data, verified with stakeholders",Review and redesign of affected processes
Date,Time,Event Description,INC Number,Impact Assessment,Action Taken,Outcome,Further Actions
2024-08-10,08:00 AM,Security alert triggered by unauthorized access attempt,INC2922059,Medium,Rebooted servers to resolve timeout issues,"Incident resolved, no data was compromised",Implementation of enhanced monitoring solutions
2024-12-30,08:00 AM,Database corruption caused by hardware failure,INC2876940,High,Rebooted servers to resolve timeout issues,"Performance restored, monitoring in place",Scheduled database maintenance and upgrade
2024-07-22,08:00 AM,Timeout errors due to server overload,INC2874410,Medium,Isolated and remedied network fault,"Performance restored, monitoring in place",Planned upgrade of network infrastructure
2025-03-08,08:00 AM,Security alert triggered by unauthorized access attempt,INC2882914,Medium,Enhanced security protocols after breach attempt,"Performance restored, monitoring in place",Revised disaster recovery and business continuity plans
2024-04-06,08:00 AM,Service outage due to failed deployment,INC2857436,High,Rebooted servers to resolve timeout issues,"Performance restored, monitoring in place",Scheduled database maintenance and upgrade
2024-08-22,08:00 AM,Security alert triggered by unauthorized access attempt,INC2907356,High,Restored from backup to resolve data unavailability,"Incident resolved, no data was compromised",Implementation of enhanced monitoring solutions
2024-04-01,08:00 AM,Compliance tool malfunction during routine audit,INC2938814,Low,Optimized application performance settings,"Security breach contained, no data loss",Review and overhaul of security measures
2024-07-11,08:00 AM,Service outage due to failed deployment,INC2913074,Medium,Restarted authentication service with additional logging,"Performance restored, monitoring in place",Review and overhaul of security measures
2024-11-25,08:00 AM,Timeout errors due to server overload,INC2890213,High,Restarted authentication service with additional logging,Service restored with minimal user impact,Implementation of enhanced monitoring solutions
2024-09-28,08:00 AM,Authentication service disruption,INC2935582,High,Enhanced security protocols after breach attempt,"Performance restored, monitoring in place",Scheduled database maintenance and upgrade
2024-06-12,08:00 AM,Network connectivity issues affecting global operations,INC2927256,Medium,Rolled back failed deployment to restore service,"Incident resolved, no data was compromised",Scheduled database maintenance and upgrade
2025-01-21,08:00 AM,Compliance tool malfunction during routine audit,INC2891369,Low,Fixed compliance tool configuration errors,"Compliance issues resolved, report generated successfully",Scheduled database maintenance and upgrade
2024-05-10,08:00 AM,Database corruption caused by hardware failure,INC2909749,Medium,Repaired database from latest good snapshot,"Performance restored, monitoring in place",Implementation of enhanced monitoring solutions
2024-05-05,08:00 AM,Performance degradation in critical application,INC2921426,Medium,Fixed compliance tool configuration errors,"Incident resolved, no data was compromised",Review and overhaul of security measures
2024-11-03,08:00 AM,Performance degradation in critical application,INC2900615,High,Enhanced security protocols after breach attempt,"Security breach contained, no data loss",Scheduled database maintenance and upgrade
2024-09-06,08:00 AM,Delay in data synchronization across services,INC2891906,Medium,Rebooted servers to resolve timeout issues,Service restored with minimal user impact,Scheduled database maintenance and upgrade
2025-01-24,08:00 AM,Service outage due to failed deployment,INC2890894,High,Optimized application performance settings,Service restored with minimal user impact,Planned upgrade of network infrastructure
2024-07-12,08:00 AM,Compliance tool malfunction during routine audit,INC2907662,Low,Optimized application performance settings,Service restored with minimal user impact,Implementation of enhanced monitoring solutions
2024-10-02,08:00 AM,Delay in data synchronization across services,INC2857894,Low,Restored from backup to resolve data unavailability,"Compliance issues resolved, report generated successfully",Revised disaster recovery and business continuity plans
2024-12-18,08:00 AM,Database corruption caused by hardware failure,INC2943732,Low,Rebooted servers to resolve timeout issues,"Compliance issues resolved, report generated successfully",Review and overhaul of security measures
2024-09-04,08:00 AM,Database corruption caused by hardware failure,INC2904500,High,Isolated and remedied network fault,Service restored with minimal user impact,Scheduled database maintenance and upgrade
2024-10-12,08:00 AM,Performance degradation in critical application,INC2953082,Low,Rolled back failed deployment to restore service,Service restored with minimal user impact,Review and overhaul of security measures
2024-09-27,08:00 AM,Service outage due to failed deployment,INC2876492,Low,Enhanced security protocols after breach attempt,"Compliance issues resolved, report generated successfully",Revised disaster recovery and business continuity plans
2024-07-11,08:00 AM,Performance degradation in critical application,INC2935857,Low,Isolated and remedied network fault,"Compliance issues resolved, report generated successfully",Review and overhaul of security measures
2024-09-15,08:00 AM,Performance degradation in critical application,INC2899592,Low,Enhanced security protocols after breach attempt,Service restored with minimal user impact,Review and overhaul of security measures
2024-11-13,08:00 AM,Service outage due to failed deployment,INC2887261,High,Optimized application performance settings,Service restored with minimal user impact,Implementation of enhanced monitoring solutions
2024-05-06,08:00 AM,Performance degradation in critical application,INC2860932,Medium,Enhanced security protocols after breach attempt,"Security breach contained, no data loss",Review and overhaul of security measures
2024-07-31,08:00 AM,Service outage due to failed deployment,INC2881729,Low,Isolated and remedied network fault,"Incident resolved, no data was compromised",Revised disaster recovery and business continuity plans
2024-06-30,08:00 AM,Network connectivity issues affecting global operations,INC2892475,Low,Rebooted servers to resolve timeout issues,"Performance restored, monitoring in place",Revised disaster recovery and business continuity plans
2024-11-20,08:00 AM,Failure in backup process causing temporary data unavailability,INC2955159,High,Restored from backup to resolve data unavailability,"Performance restored, monitoring in place",Implementation of enhanced monitoring solutions
2024-12-21,08:00 AM,Failure in backup process causing temporary data unavailability,INC2873247,High,Fixed compliance tool configuration errors,"Compliance issues resolved, report generated successfully",Scheduled database maintenance and upgrade
2025-01-25,08:00 AM,Performance degradation in critical application,INC2883087,High,Isolated and remedied network fault,"Security breach contained, no data loss",Revised disaster recovery and business continuity plans
2025-03-26,08:00 AM,Security alert triggered by unauthorized access attempt,INC2948217,Medium,Isolated and remedied network fault,"Security breach contained, no data loss",Implementation of enhanced monitoring solutions
2024-06-07,08:00 AM,Database corruption caused by hardware failure,INC2874205,Medium,Fixed compliance tool configuration errors,Service restored with minimal user impact,Scheduled database maintenance and upgrade
2024-12-24,08:00 AM,Timeout errors due to server overload,INC2864833,Medium,Restarted authentication service with additional logging,"Performance restored, monitoring in place",Review and overhaul of security measures
2025-01-16,08:00 AM,Database corruption caused by hardware failure,INC2922073,Medium,Rebooted servers to resolve timeout issues,Service restored with minimal user impact,Review and overhaul of security measures
2024-11-02,08:00 AM,Database corruption caused by hardware failure,INC2897696,High,Rebooted servers to resolve timeout issues,Service restored with minimal user impact,Implementation of enhanced monitoring solutions
2025-02-22,08:00 AM,Performance degradation in critical application,INC2884138,High,Isolated and remedied network fault,"Compliance issues resolved, report generated successfully",Revised disaster recovery and business continuity plans
2025-01-23,08:00 AM,Delay in data synchronization across services,INC2869257,Low,Rolled back failed deployment to restore service,Service restored with minimal user impact,Revised disaster recovery and business continuity plans
2024-07-04,08:00 AM,Database corruption caused by hardware failure,INC2930115,High,Rolled back failed deployment to restore service,Service restored with minimal user impact,Review and overhaul of security measures
2024-08-16,08:00 AM,Database corruption caused by hardware failure,INC2926583,Medium,Optimized application performance settings,"Security breach contained, no data loss",Review and overhaul of security measures
2024-08-21,08:00 AM,Compliance tool malfunction during routine audit,INC2860944,Medium,Rebooted servers to resolve timeout issues,"Performance restored, monitoring in place",Planned upgrade of network infrastructure
2024-09-24,08:00 AM,Authentication service disruption,INC2892101,Medium,Rebooted servers to resolve timeout issues,"Incident resolved, no data was compromised",Scheduled database maintenance and upgrade
2024-06-03,08:00 AM,Network connectivity issues affecting global operations,INC2954342,High,Enhanced security protocols after breach attempt,"Performance restored, monitoring in place",Implementation of enhanced monitoring solutions
2024-05-07,08:00 AM,Authentication service disruption,INC2874604,Low,Fixed compliance tool configuration errors,"Security breach contained, no data loss",Revised disaster recovery and business continuity plans
2025-03-23,08:00 AM,Delay in data synchronization across services,INC2941230,Medium,Restored from backup to resolve data unavailability,"Compliance issues resolved, report generated successfully",Revised disaster recovery and business continuity plans
2024-12-01,08:00 AM,Timeout errors due to server overload,INC2938351,Medium,Rebooted servers to resolve timeout issues,"Security breach contained, no data loss",Revised disaster recovery and business continuity plans
2025-01-01,08:00 AM,Security alert triggered by unauthorized access attempt,INC2867670,Low,Isolated and remedied network fault,"Performance restored, monitoring in place",Implementation of enhanced monitoring solutions
2024-10-14,08:00 AM,Authentication service disruption,INC2898993,Medium,Restarted authentication service with additional logging,"Security breach contained, no data loss",Review and overhaul of security measures
2024-05-20,08:00 AM,Authentication service disruption,INC2945276,Low,Isolated and remedied network fault,"Incident resolved, no data was compromised",Planned upgrade of network infrastructure
2024-06-10,08:00 AM,Service outage due to failed deployment,INC2872614,High,Repaired database from latest good snapshot,"Performance restored, monitoring in place",Revised disaster recovery and business continuity plans
2024-04-29,08:00 AM,Compliance tool malfunction during routine audit,INC2955743,Low,Repaired database from latest good snapshot,"Performance restored, monitoring in place",Review and overhaul of security measures
2024-08-15,08:00 AM,Database corruption caused by hardware failure,INC2888766,Low,Optimized application performance settings,"Security breach contained, no data loss",Scheduled database maintenance and upgrade
2024-10-09,08:00 AM,Database corruption caused by hardware failure,INC2911115,Low,Restored from backup to resolve data unavailability,"Security breach contained, no data loss",Scheduled database maintenance and upgrade
2024-12-17,08:00 AM,Performance degradation in critical application,INC2890725,Medium,Restored from backup to resolve data unavailability,"Incident resolved, no data was compromised",Revised disaster recovery and business continuity plans
2024-06-14,08:00 AM,Timeout errors due to server overload,INC2942085,Medium,Isolated and remedied network fault,"Performance restored, monitoring in place",Scheduled database maintenance and upgrade
2024-05-17,08:00 AM,Performance degradation in critical application,INC2910444,Low,Fixed compliance tool configuration errors,"Security breach contained, no data loss",Scheduled database maintenance and upgrade
2024-09-22,08:00 AM,Database corruption caused by hardware failure,INC2916773,High,Isolated and remedied network fault,"Incident resolved, no data was compromised",Scheduled database maintenance and upgrade
2024-07-31,08:00 AM,Service outage due to failed deployment,INC2886984,High,Restored from backup to resolve data unavailability,"Incident resolved, no data was compromised",Review and overhaul of security measures
2025-02-18,08:00 AM,Performance degradation in critical application,INC2919124,High,Restarted authentication service with additional logging,"Performance restored, monitoring in place",Review and overhaul of security measures
2024-09-21,08:00 AM,Performance degradation in critical application,INC2888648,Low,Isolated and remedied network fault,"Incident resolved, no data was compromised",Planned upgrade of network infrastructure
2025-04-01,08:00 AM,Service outage due to failed deployment,INC2906970,Medium,Repaired database from latest good snapshot,"Compliance issues resolved, report generated successfully",Planned upgrade of network infrastructure
2024-08-17,08:00 AM,Timeout errors due to server overload,INC2900237,Low,Optimized application performance settings,"Incident resolved, no data was compromised",Scheduled database maintenance and upgrade
2024-12-25,08:00 AM,Performance degradation in critical application,INC2905678,High,Enhanced security protocols after breach attempt,"Compliance issues resolved, report generated successfully",Scheduled database maintenance and upgrade
2024-10-25,08:00 AM,Compliance tool malfunction during routine audit,INC2944679,High,Optimized application performance settings,"Compliance issues resolved, report generated successfully",Review and overhaul of security measures
2025-03-12,08:00 AM,Failure in backup process causing temporary data unavailability,INC2951951,Low,Rebooted servers to resolve timeout issues,"Security breach contained, no data loss",Implementation of enhanced monitoring solutions
2024-09-06,08:00 AM,Delay in data synchronization across services,INC2915500,Medium,Rolled back failed deployment to restore service,"Security breach contained, no data loss",Implementation of enhanced monitoring solutions
2024-05-28,08:00 AM,Timeout errors due to server overload,INC2948659,Low,Optimized application performance settings,"Incident resolved, no data was compromised",Revised disaster recovery and business continuity plans
2025-03-09,08:00 AM,Delay in data synchronization across services,INC2863467,Medium,Restarted authentication service with additional logging,Service restored with minimal user impact,Scheduled database maintenance and upgrade
2024-05-10,08:00 AM,Timeout errors due to server overload,INC2889818,Low,Enhanced security protocols after breach attempt,"Performance restored, monitoring in place",Scheduled database maintenance and upgrade
2024-12-21,08:00 AM,Timeout errors due to server overload,INC2956932,Low,Optimized application performance settings,"Performance restored, monitoring in place",Implementation of enhanced monitoring solutions
2024-09-20,08:00 AM,Authentication service disruption,INC2872488,High,Rebooted servers to resolve timeout issues,"Security breach contained, no data loss",Review and overhaul of security measures
2024-10-30,08:00 AM,Failure in backup process causing temporary data unavailability,INC2859763,Low,Rebooted servers to resolve timeout issues,"Compliance issues resolved, report generated successfully",Implementation of enhanced monitoring solutions
2025-01-01,08:00 AM,Network connectivity issues affecting global operations,INC2942982,High,Restarted authentication service with additional logging,"Security breach contained, no data loss",Revised disaster recovery and business continuity plans
2025-03-16,08:00 AM,Database corruption caused by hardware failure,INC2879738,High,Restored from backup to resolve data unavailability,"Compliance issues resolved, report generated successfully",Scheduled database maintenance and upgrade
2024-10-23,08:00 AM,Delay in data synchronization across services,INC2942873,High,Repaired database from latest good snapshot,Service restored with minimal user impact,Revised disaster recovery and business continuity plans
2024-06-29,08:00 AM,Delay in data synchronization across services,INC2898485,High,Rolled back failed deployment to restore service,Service restored with minimal user impact,Review and overhaul of security measures
2024-12-12,08:00 AM,Authentication service disruption,INC2952246,Low,Rolled back failed deployment to restore service,"Security breach contained, no data loss",Scheduled database maintenance and upgrade
2024-12-19,08:00 AM,Performance degradation in critical application,INC2866485,Medium,Isolated and remedied network fault,"Compliance issues resolved, report generated successfully",Review and overhaul of security measures
2025-03-31,08:00 AM,Database corruption caused by hardware failure,INC2893687,High,Repaired database from latest good snapshot,Service restored with minimal user impact,Revised disaster recovery and business continuity plans
2024-12-03,08:00 AM,Security alert triggered by unauthorized access attempt,INC2872275,Low,Isolated and remedied network fault,"Performance restored, monitoring in place",Review and overhaul of security measures
2024-08-24,08:00 AM,Failure in backup process causing temporary data unavailability,INC2924452,High,Restored from backup to resolve data unavailability,"Compliance issues resolved, report generated successfully",Planned upgrade of network infrastructure
2025-01-23,08:00 AM,Service outage due to failed deployment,INC2880684,High,Rolled back failed deployment to restore service,"Compliance issues resolved, report generated successfully",Planned upgrade of network infrastructure
2024-09-08,08:00 AM,Delay in data synchronization across services,INC2933184,Medium,Enhanced security protocols after breach attempt,"Security breach contained, no data loss",Implementation of enhanced monitoring solutions
2025-02-15,08:00 AM,Timeout errors due to server overload,INC2917031,Low,Restored from backup to resolve data unavailability,Service restored with minimal user impact,Implementation of enhanced monitoring solutions
2025-03-06,08:00 AM,Authentication service disruption,INC2907067,High,Restored from backup to resolve data unavailability,"Performance restored, monitoring in place",Scheduled database maintenance and upgrade
2024-04-15,08:00 AM,Database corruption caused by hardware failure,INC2889106,High,Optimized application performance settings,"Incident resolved, no data was compromised",Revised disaster recovery and business continuity plans
2024-04-07,08:00 AM,Delay in data synchronization across services,INC2859162,Medium,Restarted authentication service with additional logging,"Performance restored, monitoring in place",Planned upgrade of network infrastructure
2024-07-18,08:00 AM,Authentication service disruption,INC2910895,High,Restarted authentication service with additional logging,"Performance restored, monitoring in place",Planned upgrade of network infrastructure
2024-09-29,08:00 AM,Database corruption caused by hardware failure,INC2915000,Low,Optimized application performance settings,Service restored with minimal user impact,Scheduled database maintenance and upgrade
2024-11-26,08:00 AM,Failure in backup process causing temporary data unavailability,INC2931233,High,Fixed compliance tool configuration errors,"Security breach contained, no data loss",Implementation of enhanced monitoring solutions
2024-08-22,08:00 AM,Database corruption caused by hardware failure,INC2921200,Low,Rebooted servers to resolve timeout issues,"Compliance issues resolved, report generated successfully",Revised disaster recovery and business continuity plans
2025-04-01,08:00 AM,Timeout errors due to server overload,INC2869213,High,Rebooted servers to resolve timeout issues,Service restored with minimal user impact,Implementation of enhanced monitoring solutions
2024-09-08,08:00 AM,Authentication service disruption,INC2919927,Low,Rolled back failed deployment to restore service,"Compliance issues resolved, report generated successfully",Planned upgrade of network infrastructure
2024-07-15,08:00 AM,Database corruption caused by hardware failure,INC2918814,Low,Restored from backup to resolve data unavailability,Service restored with minimal user impact,Revised disaster recovery and business continuity plans
2024-06-25,08:00 AM,Delay in data synchronization across services,INC2927386,Low,Rolled back failed deployment to restore service,"Incident resolved, no data was compromised",Implementation of enhanced monitoring solutions
2024-04-28,08:00 AM,Timeout errors due to server overload,INC2861244,Low,Restarted authentication service with additional logging,"Performance restored, monitoring in place",Implementation of enhanced monitoring solutions
2024-06-22,08:00 AM,Timeout errors due to server overload,INC2930372,Low,Rolled back failed deployment to restore service,"Security breach contained, no data loss",Review and overhaul of security measures
2024-09-12,08:00 AM,Compliance tool malfunction during routine audit,INC2879499,High,Repaired database from latest good snapshot,Service restored with minimal user impact,Review and overhaul of security measures
2024-06-05,08:00 AM,Performance degradation in critical application,INC2869556,Medium,Rolled back failed deployment to restore service,"Compliance issues resolved, report generated successfully",Revised disaster recovery and business continuity plans
